Bina,83,Boundary,2023-08-03 12:04:56
Bina,56,Boundary,2023-08-02 16:22:49
Viktor,46,Self,2023-08-03 12:08:26
Viktor,45,Boundary,2023-08-03 11:45:20
Viktor,40,Boundary,2023-08-04 16:02:52
Viktor,39,Boundary,2023-08-04 10:48:44
Viktor,39,Boundary,2023-08-03 11:48:26
Viktor,34,Boundary,2023-08-03 11:49:56
Viktor,32,Boundary,2023-08-03 11:51:21
Viktor,27,Boundary,2023-08-03 11:54:00
Viktor,27,Boundary,2023-08-02 17:24:08
Viktor,26,Boundary,2023-08-03 11:55:02
Viktor,24,Boundary,2023-08-03 11:56:04
Viktor,24,Boundary,2023-08-02 15:03:05
Viktor,24,Boundary,2023-08-04 16:00:30
Viktor,24,Boundary,2023-08-02 15:04:17
Viktor,21,Boundary,2023-08-03 09:55:40
Viktor,21,Boundary,2023-08-03 09:54:51
Viktor,20,Self,2023-08-04 14:48:14
Bina,19,Boundary,2023-08-04 14:56:05
Viktor,18,Boundary,2023-08-04 10:41:11
Viktor,16,Boundary,2023-08-03 11:45:59
Viktor,16,Boundary,2023-08-03 11:52:26
Viktor,15,Boundary,2023-08-04 10:47:01
Viktor,14,Self,2023-08-03 09:54:11
Viktor,14,Boundary,2023-08-02 15:04:47
Viktor,14,Boundary,2023-08-04 15:59:22
Viktor,13,Boundary,2023-08-02 15:02:17
Bina,13,Boundary,2023-08-03 11:58:22
Bina,12,Boundary,2023-08-03 11:57:36
Bina,11,Boundary,2023-08-04 14:55:25
Viktor,11,Boundary,2023-08-03 11:46:18
Viktor,11,Boundary,2023-08-03 11:51:55
Viktor,9,Boundary,2023-08-03 11:52:43
Bina,9,Boundary,2023-08-03 11:59:01
Viktor,9,Boundary,2023-08-04 14:53:49
Viktor,9,Boundary,2023-08-04 14:36:38
Viktor,8,Boundary,2023-08-02 16:14:48
Viktor,8,Boundary,2023-08-02 17:31:43
Viktor,8,Boundary,2023-08-02 15:05:33
Viktor,8,Boundary,2023-08-04 14:36:17
Viktor,8,Boundary,2023-08-04 14:54:05
Viktor,7,Self,2023-08-02 16:11:29
Viktor,7,Boundary,2023-08-02 15:59:00
Viktor,7,Boundary,2023-08-02 16:16:58
Viktor,7,Boundary,2023-08-02 15:03:28
Viktor,7,Boundary,2023-08-02 15:05:03
Viktor,7,Boundary,2023-08-03 11:46:39
Viktor,7,Boundary,2023-08-02 15:01:47
Viktor,6,Boundary,2023-08-02 15:57:42
Viktor,6,Boundary,2023-08-04 14:47:33
Viktor,6,Boundary,2023-08-04 14:53:30
Viktor,6,Boundary,2023-08-02 17:27:01
Bina,6,Boundary,2023-08-02 16:18:48
Viktor,6,Boundary,2023-08-02 17:43:23
Viktor,6,Boundary,2023-08-03 11:48:37
Bina,5,Boundary,2023-08-03 11:58:42
Viktor,5,Boundary,2023-08-03 11:51:30
Viktor,5,Boundary,2023-08-02 17:24:16
Viktor,4,Boundary,2023-08-02 16:09:54
Bina,4,Boundary,2023-08-03 11:57:55
Viktor,4,Boundary,2023-08-02 15:05:10
Bina,4,Boundary,2023-08-02 16:19:28
Viktor,3,Boundary,2023-08-02 15:59:44
Viktor,3,Boundary,2023-08-02 17:32:59
Viktor,3,Boundary,2023-08-02 17:33:08
Bina,3,Boundary,2023-08-04 14:56:10
Viktor,3,Boundary,2023-08-03 11:52:50
Viktor,2,Boundary,2023-08-02 16:00:46
Bina,2,Boundary,2023-08-02 16:18:56
Viktor,2,Boundary,2023-08-02 15:01:31
Viktor,2,Boundary,2023-08-02 16:05:40
Viktor,2,Boundary,2023-08-02 15:01:53
Viktor,1,Boundary,2023-08-02 15:59:47
Viktor,1,Boundary,2023-08-02 17:43:29
Viktor,1,Boundary,2023-08-02 16:17:32
Viktor,1,Boundary,2023-08-03 11:46:23
Bina,1,Boundary,2023-08-03 11:59:04
Viktor,1,Boundary,2023-08-02 17:31:48
Viktor,1,Boundary,2023-08-03 11:46:47
Viktor,1,Boundary,2023-08-03 11:51:35
Bina,1,Boundary,2023-08-02 16:18:59
Viktor,0,Boundary,2023-08-03 11:51:23
Viktor,0,Boundary,2023-08-03 11:56:08
Viktor,0,Boundary,2023-08-02 17:43:26
Viktor,0,Boundary,2023-08-04 14:47:20
Viktor,0,Boundary,2023-08-04 14:47:22
Bina,0,Boundary,2023-08-02 16:19:10
Viktor,0,Boundary,2023-08-03 11:48:38
